<?xml version="1.0" encoding="UTF-8"?>
<Metadata>
    <URI>http://doj.ca.gov/niem/DL157/1.0</URI>
    <Name>Abstract/Document Error (DL157)</Name>
    <Summary>The Abstract/Document Error (DL157) IEPD was developed for the California Department of Justice - Data Exchange Project.</Summary>
    <Description>An Abstract/Document Error (DL157) is a form sent from the California Superior Court to the California Department of Motor Vehicles when the court has placed an abstract on an incorrect driving record.  The Department of Motor Vehicles will update their records with the correct information.  The Abstract/Document Error (DL157) contains citation information, driving record information for removal of citation information, signature block.  The Abstract/Document Error (DL157) is one of 44 IEPDs developed by the California Department of Justice - Data Exchange Project to support information exchange between state and local government organizations throughout the state of California.  It could also be adapted for use in other states.</Description>
    <Version>1.0</Version>
    <URL/>
    <CreationDate>07/14/2008</CreationDate>
    <LastRevisionDate>01/21/2009</LastRevisionDate>
    <NextRevisionDate/>
    <NIEMVersion>2.0</NIEMVersion>
    <Security>Public</Security>
    <Maturity>2</Maturity>
    <Status>IEPD DL157 complete and ready for implementation</Status>
    <Schedule/>
    <Lineage/>
    <Relationships/>
    <Keywords/>
    <Domain>Justice</Domain>
    <ExchangePartners>California state and local criminal justice agencies</ExchangePartners>
    <Process>The California Superior Court informs the California Department of Motor Vehicles if a reportable charge is placed on an incorrect driving record.</Process>
    <TriggeringEvent>Abstract/Document Error (DL157) Complete</TriggeringEvent>
    <Conditions>If a reportable charge is placed on an incorrect driving record then the Abstract/Document Error (DL157) form is used to inform the California Department of Motor Vehicles.</Conditions>
    <Endorsements/>
    <Sponsors>California Department of Justice and other California state and local criminal justice agencies - see master documentation</Sponsors>
    <Purpose>Provides a way for the California Superior Court to communicate with the California Department of Motor Vehicles when a reportable charge is placed on an incorrect driving record.</Purpose>
    <MessageExchangePatterns>document</MessageExchangePatterns>
    <CommunicationsEnvironment/>
    <ExchangePartnerCategories>California state and local criminal justice agencies</ExchangePartnerCategories>
    <AuthoritativeSource>
        <Category/>
        <Organization>
            <Name>California Department of Justice</Name>
            <Address1>4949 Broadway</Address1>
            <Address2/>
            <City>Sacramento</City>
            <State>CA</State>
            <Zip>95820</Zip>
            <Country>United States</Country>
            <URL>(URL)</URL>
        </Organization>
        <PointOfContact>
            <Name>Business Services Program</Name>
            <Address1/>
            <Address2/>
            <City/>
            <State/>
            <Zip/>
            <Country/>
            <Phone>(916) 227-4566</Phone>
            <Fax/>
            <Email>DataExchange@doj.ca.gov</Email>
        </PointOfContact>
    </AuthoritativeSource>
</Metadata>
