<?xml version="1.0" encoding="UTF-8"?>
<Metadata>
    <URI>http://doj.ca.gov/niem/CDC863/1.0</URI>
    <Name>Notice of Scheduled Release to Parole (CDC863)</Name>
    <Summary>The Notice of Scheduled Release to Parole (CDC863) IEPD was developed for the California Department of Justice - Data Exchange Project.</Summary>
    <Description>A Notice of Scheduled Release to Parole (CDC863) is sent from the California Department of Corrections and Rehabilitation when a subject is released to parole and the notice is sent to the Law Enforcement Agency and Probation.  If a violent offender notification is required per Penal Code 3058.6 and/or a notification is required by law then the notice is also sent to the Prosecutor.  The Notice of Scheduled Release to Parole (CDC863) contains information about the sending and receiving agencies, parole subject information, and any registration requirements.  The Notice of Scheduled Release to Parole (CDC863) is one of 44 IEPDs developed by the California Department of Justice - Data Exchange Project to support information exchange between state and local government organizations throughout the state of California.  It could also be adapted for use in other states.</Description>
    <Version>1.0</Version>
    <URL/>
    <CreationDate>08/01/2008</CreationDate>
    <LastRevisionDate>01/30/2009</LastRevisionDate>
    <NextRevisionDate/>
    <NIEMVersion>2.0</NIEMVersion>
    <Security>Public</Security>
    <Maturity>2</Maturity>
    <Status>IEPD CDC863 complete and ready for implementation</Status>
    <Schedule/>
    <Lineage/>
    <Relationships/>
    <Keywords/>
    <Domain>Justice</Domain>
    <ExchangePartners>California state and local criminal justice agencies</ExchangePartners>
    <Process>When a subject is being released to parole the California Department of Corrections and Rehabilitation sends notice to the Law Enforcement Agency, Probation, and depending upon conditions, sends the notice to the Prosecutor.</Process>
    <TriggeringEvent>Notice of Scheduled Release to Parole (CDC863) Complete</TriggeringEvent>
    <Conditions>A subject is being released to parole.</Conditions>
    <Endorsements/>
    <Sponsors>California Department of Justice and other California state and local criminal justice agencies - see master documentation</Sponsors>
    <Purpose>To communicate to the Law Enforcement Agency, Probation, and Prosecutor when a subject is being released to parole and whether the subject has registration requirements.</Purpose>
    <MessageExchangePatterns>document</MessageExchangePatterns>
    <CommunicationsEnvironment/>
    <ExchangePartnerCategories>California state and local criminal justice agencies</ExchangePartnerCategories>
    <AuthoritativeSource>
        <Category/>
        <Organization>
            <Name>California Department of Justice</Name>
            <Address1>4949 Broadway</Address1>
            <Address2/>
            <City>Sacramento</City>
            <State>CA</State>
            <Zip>95820</Zip>
            <Country>United States</Country>
            <URL>(URL)</URL>
        </Organization>
        <PointOfContact>
            <Name>Business Services Program</Name>
            <Address1/>
            <Address2/>
            <City/>
            <State/>
            <Zip/>
            <Country/>
            <Phone>(916) 227-4566</Phone>
            <Fax/>
            <Email>DataExchange@doj.ca.gov</Email>
        </PointOfContact>
    </AuthoritativeSource>
</Metadata>
