<?xml version="1.0" encoding="UTF-8"?>
<w:WantList w:release="2.0" w:product="NIEM" xmlns:w="http://niem.gov/niem/wantlist/1">
  <w:Element w:prefix="j" w:name="Arrest" w:isReference="false"/>
  <w:Element w:prefix="j" w:name="Bail" w:isReference="false"/>
  <w:Element w:prefix="j" w:name="Booking" w:isReference="false"/>
  <w:Element w:prefix="j" w:name="CaseAugmentation" w:isReference="false"/>
  <w:Element w:prefix="j" w:name="Charge" w:isReference="false"/>
  <w:Element w:prefix="j" w:name="Court" w:isReference="false"/>
  <w:Element w:prefix="j" w:name="CourtOrderSignatureMethodText" w:isReference="false"/>
  <w:Element w:prefix="j" w:name="EnforcementOfficial" w:isReference="false"/>
  <w:Element w:prefix="j" w:name="Subject" w:isReference="false"/>
  <w:Element w:prefix="j" w:name="Warrant" w:isReference="false"/>
  <w:Element w:prefix="nc" w:name="Address" w:isReference="false"/>
  <w:Element w:prefix="nc" w:name="Case" w:isReference="false"/>
  <w:Element w:prefix="nc" w:name="ContactTelephoneNumber" w:isReference="false"/>
  <w:Element w:prefix="nc" w:name="DateTime" w:isReference="false"/>
  <w:Element w:prefix="nc" w:name="Document" w:isReference="false"/>
  <w:Element w:prefix="nc" w:name="DriverLicenseIdentification" w:isReference="false"/>
  <w:Element w:prefix="nc" w:name="Location" w:isReference="false"/>
  <w:Element w:prefix="nc" w:name="Organization" w:isReference="false"/>
  <w:Element w:prefix="nc" w:name="PersonBloodType" w:isReference="false"/>
  <w:Element w:prefix="nc" w:name="PersonBloodTypeCode" w:isReference="false"/>
  <w:Element w:prefix="nc" w:name="PersonCitizenship" w:isReference="false"/>
  <w:Element w:prefix="nc" w:name="PersonCitizenshipFIPS10-4Code" w:isReference="false"/>
  <w:Element w:prefix="nc" w:name="PersonDigitizedSignatureImage" w:isReference="false"/>
  <w:Element w:prefix="nc" w:name="PersonEyeColor" w:isReference="false"/>
  <w:Element w:prefix="nc" w:name="PersonEyeColorCode" w:isReference="false"/>
  <w:Element w:prefix="nc" w:name="PersonGangAssociation" w:isReference="false"/>
  <w:Element w:prefix="nc" w:name="PersonHairColor" w:isReference="false"/>
  <w:Element w:prefix="nc" w:name="PersonName" w:isReference="false"/>
  <w:Element w:prefix="nc" w:name="PersonRaceCode" w:isReference="false"/>
  <w:Element w:prefix="nc" w:name="PersonSex" w:isReference="false"/>
  <w:Element w:prefix="nc" w:name="PersonSexCode" w:isReference="false"/>
  <w:Element w:prefix="nc" w:name="PersonSkinTone" w:isReference="false"/>
  <w:Element w:prefix="nc" w:name="PersonSkinToneCode" w:isReference="false"/>
  <w:Element w:prefix="nc" w:name="StructuredAddress" w:isReference="false"/>
  <w:Element w:prefix="nc" w:name="TelephoneNumber" w:isReference="false"/>
  <w:Element w:prefix="nc" w:name="ToothPosition" w:isReference="false"/>
  <w:Element w:prefix="nc" w:name="ToothPositionIDCode" w:isReference="false"/>
  <w:Type w:prefix="j" w:name="BailType" w:isRequested="false">
    <w:ElementInType w:prefix="j" w:name="BailSetAmount" w:isReference="false"/>
  </w:Type>
  <w:Type w:prefix="j" w:name="BookingType" w:isRequested="false">
    <w:ElementInType w:prefix="j"
      w:name="BookingAgencyRecordIdentification" w:isReference="false"/>
  </w:Type>
  <w:Type w:prefix="j" w:name="CaseAugmentationType" w:isRequested="false">
    <w:ElementInType w:prefix="j" w:name="CaseSeverityText" w:isReference="false"/>
  </w:Type>
  <w:Type w:prefix="j" w:name="ChargeType" w:isRequested="false">
    <w:ElementInType w:prefix="j" w:name="ChargeCountQuantity" w:isReference="false"/>
    <w:ElementInType w:prefix="j" w:name="ChargeDescriptionText" w:isReference="false"/>
    <w:ElementInType w:prefix="j" w:name="ChargeSeverityText" w:isReference="false"/>
    <w:ElementInType w:prefix="j" w:name="ChargeStatute" w:isReference="false"/>
  </w:Type>
  <w:Type w:prefix="j" w:name="EnforcementOfficialType" w:isRequested="false">
    <w:ElementInType w:prefix="j"
      w:name="EnforcementOfficialBadgeIdentification" w:isReference="false"/>
  </w:Type>
  <w:Type w:prefix="j" w:name="StatuteType" w:isRequested="false">
    <w:ElementInType w:prefix="j"
      w:name="StatuteCodeSectionIdentification" w:isReference="false"/>
  </w:Type>
  <w:Type w:prefix="j" w:name="SubjectType" w:isRequested="false">
    <w:ElementInType w:prefix="nc" w:name="RoleOfPerson" w:isReference="true"/>
  </w:Type>
  <w:Type w:prefix="j" w:name="WarrantType" w:isRequested="false">
    <w:ElementInType w:prefix="j" w:name="WarrantAppearanceBail" w:isReference="false"/>
    <w:ElementInType w:prefix="j" w:name="WarrantLevelText" w:isReference="false"/>
  </w:Type>
  <w:Type w:prefix="nc" w:name="AddressType" w:isRequested="false">
    <w:ElementInType w:prefix="nc" w:name="AddressRepresentation" w:isReference="false"/>
  </w:Type>
  <w:Type w:prefix="nc" w:name="AmountType" w:isRequested="false">
    <w:AttributeInType w:prefix="nc" w:name="currencyCode"/>
    <w:AttributeInType w:prefix="nc" w:name="currencyText"/>
  </w:Type>
  <w:Type w:prefix="nc" w:name="CaseType" w:isRequested="false">
    <w:ElementInType w:prefix="nc" w:name="CaseTrackingID" w:isReference="false"/>
  </w:Type>
  <w:Type w:prefix="nc" w:name="DocumentType" w:isRequested="false">
    <w:ElementInType w:prefix="nc" w:name="DocumentFileControlID" w:isReference="false"/>
  </w:Type>
  <w:Type w:prefix="nc" w:name="IdentificationType" w:isRequested="false">
    <w:ElementInType w:prefix="nc" w:name="IdentificationCategory" w:isReference="false"/>
    <w:ElementInType w:prefix="nc"
      w:name="IdentificationCategoryDescriptionText" w:isReference="false"/>
    <w:ElementInType w:prefix="nc" w:name="IdentificationEffectiveDate" w:isReference="false"/>
    <w:ElementInType w:prefix="nc" w:name="IdentificationExpirationDate" w:isReference="false"/>
    <w:ElementInType w:prefix="nc" w:name="IdentificationID" w:isReference="false"/>
    <w:ElementInType w:prefix="nc" w:name="IdentificationJurisdiction" w:isReference="false"/>
    <w:ElementInType w:prefix="nc" w:name="IdentificationSourceText" w:isReference="false"/>
    <w:ElementInType w:prefix="nc" w:name="IdentificationStatus" w:isReference="false"/>
  </w:Type>
  <w:Type w:prefix="nc" w:name="LocationType" w:isRequested="false">
    <w:ElementInType w:prefix="nc" w:name="LocationAddress" w:isReference="false"/>
    <w:ElementInType w:prefix="nc" w:name="LocationDescriptionText" w:isReference="false"/>
  </w:Type>
  <w:Type w:prefix="nc" w:name="OrganizationType" w:isRequested="false">
    <w:ElementInType w:prefix="nc" w:name="OrganizationName" w:isReference="false"/>
  </w:Type>
  <w:Type w:prefix="nc" w:name="PersonNameType" w:isRequested="false">
    <w:AttributeInType w:prefix="nc" w:name="personNameCommentText"/>
    <w:ElementInType w:prefix="nc" w:name="PersonFullName" w:isReference="false"/>
    <w:ElementInType w:prefix="nc" w:name="PersonGivenName" w:isReference="false"/>
    <w:ElementInType w:prefix="nc" w:name="PersonMaidenName" w:isReference="false"/>
    <w:ElementInType w:prefix="nc" w:name="PersonMiddleName" w:isReference="false"/>
    <w:ElementInType w:prefix="nc" w:name="PersonNamePrefixText" w:isReference="false"/>
    <w:ElementInType w:prefix="nc" w:name="PersonNameSuffixText" w:isReference="false"/>
    <w:ElementInType w:prefix="nc" w:name="PersonSurName" w:isReference="false"/>
  </w:Type>
  <w:Type w:prefix="nc" w:name="PersonOrganizationAssociationType" w:isRequested="false">
    <w:ElementInType w:prefix="nc" w:name="Organization" w:isReference="true"/>
  </w:Type>
  <w:Type w:prefix="nc" w:name="PersonType" w:isRequested="false">
    <w:ElementInType w:prefix="nc" w:name="PersonAlternateName" w:isReference="false"/>
    <w:ElementInType w:prefix="nc" w:name="PersonBirthDate" w:isReference="false"/>
    <w:ElementInType w:prefix="nc" w:name="PersonBirthLocation" w:isReference="false"/>
    <w:ElementInType w:prefix="nc" w:name="PersonBloodType" w:isReference="false"/>
    <w:ElementInType w:prefix="nc" w:name="PersonCitizenship" w:isReference="false"/>
    <w:ElementInType w:prefix="nc" w:name="PersonEyeColor" w:isReference="false"/>
    <w:ElementInType w:prefix="nc" w:name="PersonFacialHairText" w:isReference="false"/>
    <w:ElementInType w:prefix="nc" w:name="PersonHairColor" w:isReference="false"/>
    <w:ElementInType w:prefix="nc" w:name="PersonHairLengthText" w:isReference="false"/>
    <w:ElementInType w:prefix="nc" w:name="PersonHairStyleText" w:isReference="false"/>
    <w:ElementInType w:prefix="nc" w:name="PersonHeightMeasure" w:isReference="false"/>
    <w:ElementInType w:prefix="nc" w:name="PersonMaritalStatusText" w:isReference="false"/>
    <w:ElementInType w:prefix="nc" w:name="PersonName" w:isReference="false"/>
    <w:ElementInType w:prefix="nc" w:name="PersonOtherIdentification" w:isReference="false"/>
    <w:ElementInType w:prefix="nc" w:name="PersonRace" w:isReference="false"/>
    <w:ElementInType w:prefix="nc" w:name="PersonSSNIdentification" w:isReference="false"/>
    <w:ElementInType w:prefix="nc" w:name="PersonSex" w:isReference="false"/>
    <w:ElementInType w:prefix="nc" w:name="PersonSkinTone" w:isReference="false"/>
    <w:ElementInType w:prefix="nc" w:name="PersonTooth" w:isReference="false"/>
    <w:ElementInType w:prefix="nc" w:name="PersonWeightMeasure" w:isReference="false"/>
  </w:Type>
  <w:Type w:prefix="nc" w:name="StructuredAddressType" w:isRequested="false">
    <w:ElementInType w:prefix="nc" w:name="AddressDeliveryPoint" w:isReference="false"/>
    <w:ElementInType w:prefix="nc" w:name="AddressRecipientName" w:isReference="false"/>
    <w:ElementInType w:prefix="nc" w:name="LocationCityName" w:isReference="false"/>
    <w:ElementInType w:prefix="nc" w:name="LocationCountry" w:isReference="false"/>
    <w:ElementInType w:prefix="nc" w:name="LocationCounty" w:isReference="false"/>
    <w:ElementInType w:prefix="nc" w:name="LocationPostalCode" w:isReference="false"/>
    <w:ElementInType w:prefix="nc" w:name="LocationPostalExtensionCode" w:isReference="false"/>
    <w:ElementInType w:prefix="nc" w:name="LocationState" w:isReference="false"/>
  </w:Type>
  <w:Type w:prefix="nc" w:name="ToothType" w:isRequested="false">
    <w:ElementInType w:prefix="nc" w:name="ToothPosition" w:isReference="false"/>
  </w:Type>
  <w:Type w:prefix="xsd" w:name="time" w:isRequested="true"/>
</w:WantList>
