<?xml version="1.0" encoding="UTF-8"?>
<Metadata>
    <URI>http://doj.ca.gov/niem/YA1411/1.0</URI>
    <Name>Youth Authority Referral Document (YA 1.411)</Name>
    <Summary>The Youth Authority Referral Document (YA 1.411) IEPD was developed for the California Department of Justice - Data Exchange Project.</Summary>
    <Description>A Youth Authority Referral Document (YA 1.411) is a form sent from the Probation Department to the Youth Authority when a juvenile is referred from Probation to the Youth Authority.  The Youth Authority Referral Document (YA 1.411) contains personal identifying information about the juvenile, some medical information, commitment information, and family relations.  The Youth Authority Referral Document (YA 1.411) is one of 44 IEPDs developed by the California Department of Justice - Data Exchange Project to support information exchange between state and local government organizations throughout the state of California.  It could also be adapted for use in other states.</Description>
    <Version>1.0</Version>
    <URL/>
    <CreationDate>10/06/2008</CreationDate>
    <LastRevisionDate>09/02/2009</LastRevisionDate>
    <NextRevisionDate/>
    <NIEMVersion>2.0</NIEMVersion>
    <Security>Public</Security>
    <Maturity>2</Maturity>
    <Status>IEPD YA1411 complete and ready for implementation</Status>
    <Schedule/>
    <Lineage/>
    <Relationships/>
    <Keywords/>
    <Domain>Justice</Domain>
    <ExchangePartners>California state and local criminal justice agencies</ExchangePartners>
    <Process>If a juvenile is in custody of the probation department and awaiting adjudication and is a danger to self or others, and if the county facility is overcrowded and the county requests bed space for the juvenile, then the probation department provides this document to the youth authority.  The probation department will also provide this form to the youth authority in the case when the court sentences the juvenile to the youth authority.</Process>
    <TriggeringEvent>Youth Authority Referral Document (YA 1.411) Complete</TriggeringEvent>
    <Conditions>If a juvenile is referred from the probation department to the youth authority, the form is sent from probation to the youth authority.</Conditions>
    <Endorsements/>
    <Sponsors>California Department of Justice and other California state and local criminal justice agencies - see master documentation</Sponsors>
    <Purpose>Provide the youth authority with information about the juvenile such as personal identifying information, medical and offense information, and family relations.</Purpose>
    <MessageExchangePatterns>document</MessageExchangePatterns>
    <CommunicationsEnvironment/>
    <ExchangePartnerCategories>California state and local criminal justice agencies</ExchangePartnerCategories>
    <AuthoritativeSource>
        <Category/>
        <Organization>
            <Name>California Department of Justice</Name>
            <Address1>4949 Broadway</Address1>
            <Address2/>
            <City>Sacramento</City>
            <State>CA</State>
            <Zip>95820</Zip>
            <Country>United States</Country>
            <URL>(URL)</URL>
        </Organization>
        <PointOfContact>
            <Name>Business Services Program</Name>
            <Address1/>
            <Address2/>
            <City/>
            <State/>
            <Zip/>
            <Country/>
            <Phone>(916) 227-4566</Phone>
            <Fax/>
            <Email>DataExchange@doj.ca.gov</Email>
        </PointOfContact>
    </AuthoritativeSource>
</Metadata>
