<?xml version="1.0" encoding="UTF-8"?>
<w:WantList w:release="2.0" w:product="NIEM" xmlns:w="http://niem.gov/niem/wantlist/1">
  <w:Element w:prefix="j" w:name="Booking" w:isReference="false"/>
  <w:Element w:prefix="j" w:name="Charge" w:isReference="false"/>
  <w:Element w:prefix="j" w:name="Conviction" w:isReference="false"/>
  <w:Element w:prefix="j" w:name="Court" w:isReference="false"/>
  <w:Element w:prefix="j" w:name="CourtAppearance" w:isReference="false"/>
  <w:Element w:prefix="j" w:name="CourtOrderSignatureMethodText" w:isReference="false"/>
  <w:Element w:prefix="j" w:name="Judge" w:isReference="false"/>
  <w:Element w:prefix="j" w:name="Sentence" w:isReference="false"/>
  <w:Element w:prefix="j" w:name="SentenceModification" w:isReference="false"/>
  <w:Element w:prefix="j" w:name="Subject" w:isReference="false"/>
  <w:Element w:prefix="j" w:name="Victim" w:isReference="false"/>
  <w:Element w:prefix="nc" w:name="Case" w:isReference="false"/>
  <w:Element w:prefix="nc" w:name="ContactTelephoneNumber" w:isReference="false"/>
  <w:Element w:prefix="nc" w:name="DateTime" w:isReference="false"/>
  <w:Element w:prefix="nc" w:name="Organization" w:isReference="false"/>
  <w:Element w:prefix="nc" w:name="PersonDigitizedSignatureImage" w:isReference="false"/>
  <w:Element w:prefix="nc" w:name="StructuredAddress" w:isReference="false"/>
  <w:Element w:prefix="scr" w:name="SentenceDate" w:isReference="false"/>
  <w:Type w:prefix="j" w:name="BookingType" w:isRequested="false">
    <w:ElementInType w:prefix="j"
      w:name="BookingAgencyRecordIdentification" w:isReference="false"/>
  </w:Type>
  <w:Type w:prefix="j" w:name="ChargeType" w:isRequested="false">
    <w:ElementInType w:prefix="j" w:name="ChargeCategoryDescriptionText" w:isReference="false"/>
    <w:ElementInType w:prefix="j" w:name="ChargeDescriptionText" w:isReference="false"/>
    <w:ElementInType w:prefix="j" w:name="ChargeQualifierText" w:isReference="false"/>
  </w:Type>
  <w:Type w:prefix="j" w:name="ConvictionType" w:isRequested="false">
    <w:ElementInType w:prefix="j" w:name="ConvictionCharge" w:isReference="false"/>
  </w:Type>
  <w:Type w:prefix="j" w:name="CourtAppearanceType" w:isRequested="false">
    <w:ElementInType w:prefix="j" w:name="CourtAppearanceCategoryText" w:isReference="false"/>
    <w:ElementInType w:prefix="j" w:name="CourtAppearanceDate" w:isReference="false"/>
  </w:Type>
  <w:Type w:prefix="j" w:name="CourtType" w:isRequested="false">
    <w:ElementInType w:prefix="j" w:name="CourtName" w:isReference="false"/>
  </w:Type>
  <w:Type w:prefix="j" w:name="SentenceModificationType" w:isRequested="false">
    <w:ElementInType w:prefix="j"
      w:name="SentenceModificationConfinementCreditDayText" w:isReference="false"/>
  </w:Type>
  <w:Type w:prefix="j" w:name="SentenceType" w:isRequested="false">
    <w:ElementInType w:prefix="j" w:name="SentenceDescriptionText" w:isReference="false"/>
    <w:ElementInType w:prefix="j" w:name="SentenceTerm" w:isReference="false"/>
  </w:Type>
  <w:Type w:prefix="j" w:name="SubjectType" w:isRequested="false">
    <w:ElementInType w:prefix="nc" w:name="RoleOfPerson" w:isReference="true"/>
  </w:Type>
  <w:Type w:prefix="j" w:name="TermType" w:isRequested="false">
    <w:ElementInType w:prefix="j" w:name="TermDuration" w:isReference="false"/>
  </w:Type>
  <w:Type w:prefix="j" w:name="VictimType" w:isRequested="false">
    <w:ElementInType w:prefix="nc" w:name="RoleOfPerson" w:isReference="true"/>
  </w:Type>
  <w:Type w:prefix="nc" w:name="CaseType" w:isRequested="false">
    <w:ElementInType w:prefix="nc" w:name="CaseTrackingID" w:isReference="false"/>
  </w:Type>
  <w:Type w:prefix="nc" w:name="DateType" w:isRequested="false">
    <w:ElementInType w:prefix="nc" w:name="DateRepresentation" w:isReference="false"/>
  </w:Type>
  <w:Type w:prefix="nc" w:name="IdentificationType" w:isRequested="false">
    <w:ElementInType w:prefix="nc" w:name="IdentificationID" w:isReference="false"/>
  </w:Type>
  <w:Type w:prefix="nc" w:name="OrganizationType" w:isRequested="false">
    <w:ElementInType w:prefix="nc" w:name="OrganizationName" w:isReference="false"/>
  </w:Type>
  <w:Type w:prefix="nc" w:name="PersonNameType" w:isRequested="false">
    <w:AttributeInType w:prefix="nc" w:name="personNameCommentText"/>
    <w:ElementInType w:prefix="nc" w:name="PersonFullName" w:isReference="false"/>
    <w:ElementInType w:prefix="nc" w:name="PersonGivenName" w:isReference="false"/>
    <w:ElementInType w:prefix="nc" w:name="PersonMaidenName" w:isReference="false"/>
    <w:ElementInType w:prefix="nc" w:name="PersonMiddleName" w:isReference="false"/>
    <w:ElementInType w:prefix="nc" w:name="PersonNamePrefixText" w:isReference="false"/>
    <w:ElementInType w:prefix="nc" w:name="PersonNameSuffixText" w:isReference="false"/>
    <w:ElementInType w:prefix="nc" w:name="PersonSurName" w:isReference="false"/>
  </w:Type>
  <w:Type w:prefix="nc" w:name="PersonType" w:isRequested="false">
    <w:ElementInType w:prefix="nc" w:name="PersonAlternateName" w:isReference="false"/>
    <w:ElementInType w:prefix="nc" w:name="PersonBirthDate" w:isReference="false"/>
    <w:ElementInType w:prefix="nc" w:name="PersonName" w:isReference="false"/>
  </w:Type>
</w:WantList>
