<?xml version="1.0" encoding="UTF-8"?>
<Metadata>
    <URI>http://doj.ca.gov/niem/HealthAssmt/1.0</URI>
    <Name>Health Assessment</Name>
    <Summary>The Health Assessment IEPD was developed for the California Department of Justice - Data Exchange Project.</Summary>
    <Description>A Health Assessment is sent from the probation department to the youth authority when the court has sentenced a subject to the youth authority and there has been a health assessment conducted on the subject.  The Health Assessment contains subject personal identification information, physical assessment information, and date/time.  The Health Assessment is one of 44 IEPDs developed by the California Department of Justice - Data Exchange Project to support information exchange between state and local government organizations throughout the state of California.  It could also be adapted for use in other states.</Description>
    <Version>1.0</Version>
    <URL/>
    <CreationDate>10/06/2008</CreationDate>
    <LastRevisionDate>09/01/2009</LastRevisionDate>
    <NextRevisionDate/>
    <NIEMVersion>2.0</NIEMVersion>
    <Security>Public</Security>
    <Maturity>2</Maturity>
    <Status>IEPD HealthAssmt complete and ready for implementation</Status>
    <Schedule/>
    <Lineage/>
    <Relationships/>
    <Keywords/>
    <Domain>Justice</Domain>
    <ExchangePartners>California state and local criminal justice agencies</ExchangePartners>
    <Process>When the court sentences a subject to the youth authority and a health assessment has been completed by the probation department, the probation department forwards the health assessment form to the youth authority.</Process>
    <TriggeringEvent>Health Assessment Complete</TriggeringEvent>
    <Conditions>When a health assessment has been completed by the probation department and the subject is sentenced to the youth authority, the health assessment form is forwarded to the youth authority</Conditions>
    <Endorsements/>
    <Sponsors>California Department of Justice and other California state and local criminal justice agencies - see master documentation</Sponsors>
    <Purpose>To provide subjects' health assessment information to the youth authority.</Purpose>
    <MessageExchangePatterns>document</MessageExchangePatterns>
    <CommunicationsEnvironment/>
    <ExchangePartnerCategories>California state and local criminal justice agencies</ExchangePartnerCategories>
    <AuthoritativeSource>
        <Category/>
        <Organization>
            <Name>California Department of Justice</Name>
            <Address1>4949 Broadway</Address1>
            <Address2/>
            <City>Sacramento</City>
            <State>CA</State>
            <Zip>95820</Zip>
            <Country>United States</Country>
            <URL>(URL)</URL>
        </Organization>
        <PointOfContact>
            <Name>Business Services Program</Name>
            <Address1/>
            <Address2/>
            <City/>
            <State/>
            <Zip/>
            <Country/>
            <Phone>(916) 227-4566</Phone>
            <Fax/>
            <Email>DataExchange@doj.ca.gov</Email>
        </PointOfContact>
    </AuthoritativeSource>
</Metadata>
