<?xml version="1.0" encoding="UTF-8"?>
<w:WantList w:release="2.0" w:product="NIEM" xmlns:w="http://niem.gov/niem/wantlist/1">
  <w:Element w:prefix="nc" w:name="RoleOfPerson" w:isReference="true"/>
  <w:Type w:prefix="nc" w:name="CapabilityType" w:isRequested="false">
    <w:ElementInType w:prefix="nc" w:name="CapabilityDescriptionText" w:isReference="false"/>
  </w:Type>
  <w:Type w:prefix="nc" w:name="PersonNameType" w:isRequested="false">
    <w:AttributeInType w:prefix="nc" w:name="personNameCommentText"/>
    <w:ElementInType w:prefix="nc" w:name="PersonFullName" w:isReference="false"/>
    <w:ElementInType w:prefix="nc" w:name="PersonGivenName" w:isReference="false"/>
    <w:ElementInType w:prefix="nc" w:name="PersonMaidenName" w:isReference="false"/>
    <w:ElementInType w:prefix="nc" w:name="PersonMiddleName" w:isReference="false"/>
    <w:ElementInType w:prefix="nc" w:name="PersonNamePrefixText" w:isReference="false"/>
    <w:ElementInType w:prefix="nc" w:name="PersonNameSuffixText" w:isReference="false"/>
    <w:ElementInType w:prefix="nc" w:name="PersonSurName" w:isReference="false"/>
  </w:Type>
  <w:Type w:prefix="nc" w:name="PersonType" w:isRequested="false">
    <w:ElementInType w:prefix="nc" w:name="PersonAgeMeasure" w:isReference="false"/>
    <w:ElementInType w:prefix="nc" w:name="PersonAlternateName" w:isReference="false"/>
    <w:ElementInType w:prefix="nc" w:name="PersonBirthDate" w:isReference="false"/>
    <w:ElementInType w:prefix="nc" w:name="PersonCapability" w:isReference="false"/>
    <w:ElementInType w:prefix="nc" w:name="PersonEyeColor" w:isReference="false"/>
    <w:ElementInType w:prefix="nc" w:name="PersonHairColor" w:isReference="false"/>
    <w:ElementInType w:prefix="nc" w:name="PersonHeightMeasure" w:isReference="false"/>
    <w:ElementInType w:prefix="nc" w:name="PersonName" w:isReference="false"/>
    <w:ElementInType w:prefix="nc" w:name="PersonRace" w:isReference="false"/>
    <w:ElementInType w:prefix="nc" w:name="PersonSex" w:isReference="false"/>
    <w:ElementInType w:prefix="nc" w:name="PersonWeightMeasure" w:isReference="false"/>
  </w:Type>
  <w:Type w:prefix="niem-xsd" w:name="time" w:isRequested="true"/>
  <w:Type w:prefix="xsd" w:name="time" w:isRequested="true"/>
</w:WantList>
