<?xml version="1.0" encoding="UTF-8"?>
<Metadata>
    <URI>http://doj.ca.gov/niem/Subpoena/1.0</URI>
    <Name>Subpoena</Name>
    <Summary>The Subpoena IEPD was developed for the California Department of Justice - Data Exchange Project.</Summary>
    <Description>A Subpoena is a command to appear before a designated court on a particular date and time as a witness in a criminal action prosecuted by The People of The State of California.  A subpeona is sent from the Prosecutor and/or Public Defender to a Law Enforcement Agency and/or Sheriff's Department.  The Subpoenat contains court information such as court location, date, time, and signature block.  The Subpoena is one of 44 IEPDs developed by California Department of Justice - Data Exchange Project to support information exchange between state and local government organizations throughout the state of California.  It could also be adapted for use in other states.</Description>
    <Version>1.0</Version>
    <URL/>
    <CreationDate>07/21/2008</CreationDate>
    <LastRevisionDate>01/21/2009</LastRevisionDate>
    <NextRevisionDate/>
    <NIEMVersion>2.0</NIEMVersion>
    <Security>Public</Security>
    <Maturity>2</Maturity>
    <Status>IEPD Subpoena complete and ready for implementation</Status>
    <Schedule/>
    <Lineage/>
    <Relationships/>
    <Keywords/>
    <Domain>Justice</Domain>
    <ExchangePartners>California state and local criminal justice agencies</ExchangePartners>
    <Process>The Subpoena is sent to a Law Enforcement Agency and/or Sheriff's Department  by the Prosecutor and/or Public Defender to notify of a subject's court appearance and requirement for an Officer to appear in court.</Process>
    <TriggeringEvent>Subpoena Complete</TriggeringEvent>
    <Conditions>If the court schedules a first appearance, a subsequent appearance, and/or requires the Officer to appear in court to testify, then the Subpoena is sent to the Law Enforcement Agency and/or Sheriff's Department. </Conditions>
    <Endorsements/>
    <Sponsors>California Department of Justice and other California state and local criminal justice agencies - see master documentation</Sponsors>
    <Purpose>Notifies a Law Enforcement Agency and/or Sheriff's Department if a subject is scheduled for a first appearance or subsequent appearance in court and may notify that an Officer's testimony is required.</Purpose>
    <MessageExchangePatterns>document</MessageExchangePatterns>
    <CommunicationsEnvironment/>
    <ExchangePartnerCategories>California state and local criminal justice agencies</ExchangePartnerCategories>
    <AuthoritativeSource>
        <Category/>
        <Organization>
            <Name>California Department of Justice</Name>
            <Address1>4949 Broadway</Address1>
            <Address2/>
            <City>Sacramento</City>
            <State>CA</State>
            <Zip>95820</Zip>
            <Country>United States</Country>
            <URL>(URL)</URL>
        </Organization>
        <PointOfContact>
            <Name>Business Services Program</Name>
            <Address1/>
            <Address2/>
            <City/>
            <State/>
            <Zip/>
            <Country/>
            <Phone>(916) 227-4566</Phone>
            <Fax/>
            <Email>DataExchange@doj.ca.gov</Email>
        </PointOfContact>
    </AuthoritativeSource>
</Metadata>
