<?xml version="1.0" encoding="UTF-8"?>
<w:WantList w:release="2.0" w:product="NIEM" xmlns:w="http://niem.gov/niem/wantlist/1">
  <w:Element w:prefix="j" w:name="CaseCourt" w:isReference="false"/>
  <w:Element w:prefix="j" w:name="CaseCourtEvent" w:isReference="false"/>
  <w:Element w:prefix="j" w:name="Charge" w:isReference="false"/>
  <w:Element w:prefix="j" w:name="ChargeDescriptionText" w:isReference="false"/>
  <w:Element w:prefix="j" w:name="CourtAppearanceDate" w:isReference="false"/>
  <w:Element w:prefix="j" w:name="CourtName" w:isReference="false"/>
  <w:Element w:prefix="j" w:name="CourtOrder" w:isReference="false"/>
  <w:Element w:prefix="j" w:name="CourtOrderEnforcementAgency" w:isReference="false"/>
  <w:Element w:prefix="j" w:name="CourtOrderIssuingDate" w:isReference="false"/>
  <w:Element w:prefix="j" w:name="CourtOrderSignatureMethodText" w:isReference="false"/>
  <w:Element w:prefix="j"
    w:name="EnforcementOfficialBadgeIdentification" w:isReference="false"/>
  <w:Element w:prefix="j" w:name="JudicialOfficialCategoryText" w:isReference="false"/>
  <w:Element w:prefix="nc" w:name="ActivityDate" w:isReference="false"/>
  <w:Element w:prefix="nc" w:name="Address" w:isReference="false"/>
  <w:Element w:prefix="nc" w:name="Case" w:isReference="false"/>
  <w:Element w:prefix="nc" w:name="ContactEmailID" w:isReference="false"/>
  <w:Element w:prefix="nc" w:name="ContactInformation" w:isReference="false"/>
  <w:Element w:prefix="nc" w:name="ContactMailingAddress" w:isReference="false"/>
  <w:Element w:prefix="nc" w:name="ContactTelephoneNumber" w:isReference="false"/>
  <w:Element w:prefix="nc" w:name="DocumentFileControlID" w:isReference="false"/>
  <w:Element w:prefix="nc" w:name="LocationName" w:isReference="false"/>
  <w:Element w:prefix="nc" w:name="OrganizationBranchName" w:isReference="false"/>
  <w:Element w:prefix="nc" w:name="PersonDigitizedSignatureImage" w:isReference="false"/>
  <w:Element w:prefix="nc" w:name="RoleOf" w:isReference="false"/>
  <w:Element w:prefix="nc" w:name="RoleOfPerson" w:isReference="true"/>
  <w:Element w:prefix="nc" w:name="StructuredAddress" w:isReference="false"/>
  <w:Type w:prefix="j" w:name="CourtAppearanceType" w:isRequested="false">
    <w:ElementInType w:prefix="j" w:name="CourtAppearanceCategoryText" w:isReference="false"/>
  </w:Type>
  <w:Type w:prefix="j" w:name="CourtEventType" w:isRequested="false">
    <w:ElementInType w:prefix="j" w:name="CourtEventAppearance" w:isReference="false"/>
  </w:Type>
  <w:Type w:prefix="nc" w:name="CaseType" w:isRequested="false">
    <w:ElementInType w:prefix="nc" w:name="CaseTrackingID" w:isReference="false"/>
  </w:Type>
  <w:Type w:prefix="nc" w:name="ContactInformationType" w:isRequested="true"/>
  <w:Type w:prefix="nc" w:name="DateType" w:isRequested="false">
    <w:ElementInType w:prefix="nc" w:name="DateRepresentation" w:isReference="false"/>
  </w:Type>
  <w:Type w:prefix="nc" w:name="DocumentType" w:isRequested="true"/>
  <w:Type w:prefix="nc" w:name="PersonType" w:isRequested="false">
    <w:ElementInType w:prefix="nc" w:name="PersonBirthDate" w:isReference="false"/>
    <w:ElementInType w:prefix="nc" w:name="PersonBirthLocation" w:isReference="false"/>
    <w:ElementInType w:prefix="nc" w:name="PersonName" w:isReference="false"/>
  </w:Type>
  <w:Type w:prefix="nc" w:name="StructuredAddressType" w:isRequested="false">
    <w:ElementInType w:prefix="nc" w:name="AddressDeliveryPoint" w:isReference="false"/>
    <w:ElementInType w:prefix="nc" w:name="AddressRecipientName" w:isReference="false"/>
    <w:ElementInType w:prefix="nc" w:name="LocationCityName" w:isReference="false"/>
    <w:ElementInType w:prefix="nc" w:name="LocationCountry" w:isReference="false"/>
    <w:ElementInType w:prefix="nc" w:name="LocationCounty" w:isReference="false"/>
    <w:ElementInType w:prefix="nc" w:name="LocationPostalCode" w:isReference="false"/>
    <w:ElementInType w:prefix="nc" w:name="LocationPostalExtensionCode" w:isReference="false"/>
    <w:ElementInType w:prefix="nc" w:name="LocationState" w:isReference="false"/>
  </w:Type>
  <w:Type w:prefix="niem-xsd" w:name="dateTime" w:isRequested="true"/>
  <w:Type w:prefix="niem-xsd" w:name="time" w:isRequested="true"/>
</w:WantList>
