<?xml version="1.0" encoding="UTF-8"?>
<Metadata>
    <URI>http://doj.ca.gov/niem/DNAOrder/1.0</URI>
    <Name>DNA Order</Name>
    <Summary>The DNA Order IEPD was developed for the California Department of Justice - Data Exchange Project.</Summary>
    <Description>A DNA Order is an order sent from the Court to the jail to collect DNA from a subject.  The DNA Order contains information about a subject such as case number, booking number, state identification number, location of the DNA collection site, and signature block.  The DNA Order is one of 44 IEPDs developed by the California Department of Justice - Data Exchange Project to support information exchange between state and local government organizations throughout the state of California.  It could also be adapted for use in other states.</Description>
    <Version>1.0</Version>
    <URL/>
    <CreationDate>08/04/2008</CreationDate>
    <LastRevisionDate>01/21/2009</LastRevisionDate>
    <NextRevisionDate/>
    <NIEMVersion>2.0</NIEMVersion>
    <Security>Public</Security>
    <Maturity>2</Maturity>
    <Status>IEPD DNAOrder complete and ready for implementation</Status>
    <Schedule/>
    <Lineage/>
    <Relationships/>
    <Keywords/>
    <Domain>Justice</Domain>
    <ExchangePartners>California state and local criminal justice agencies</ExchangePartners>
    <Process>The Court sends an order to the jail to collect DNA from a subject.</Process>
    <TriggeringEvent>DNA Order Complete</TriggeringEvent>
    <Conditions>If the Court orders the collection of a DNA sample and the subject has been convicted then an order is sent to the jail to collect the DNA sample.  Conditions may change depending upon new Legislation.</Conditions>
    <Endorsements/>
    <Sponsors>California Department of Justice and other California state and local criminal justice agencies - see master documentation</Sponsors>
    <Purpose>Allows the Court to inform the jail when a DNA sample is required of a subject. </Purpose>
    <MessageExchangePatterns>document</MessageExchangePatterns>
    <CommunicationsEnvironment/>
    <ExchangePartnerCategories>California state and local criminal justice agencies</ExchangePartnerCategories>
    <AuthoritativeSource>
        <Category/>
        <Organization>
            <Name>California Department of Justice</Name>
            <Address1>4949 Broadway</Address1>
            <Address2/>
            <City>Sacramento</City>
            <State>CA</State>
            <Zip>95820</Zip>
            <Country>United States</Country>
            <URL>(URL)</URL>
        </Organization>
        <PointOfContact>
            <Name>Business Services Program</Name>
            <Address1/>
            <Address2/>
            <City/>
            <State/>
            <Zip/>
            <Country/>
            <Phone>(916) 227-4566</Phone>
            <Fax/>
            <Email>DataExchange@doj.ca.gov</Email>
        </PointOfContact>
    </AuthoritativeSource>
</Metadata>
