<?xml version="1.0" encoding="UTF-8"?>
<w:WantList w:release="2.0" w:product="NIEM" xmlns:w="http://niem.gov/niem/wantlist/1">
  <w:Element w:prefix="j" w:name="Booking" w:isReference="false"/>
  <w:Element w:prefix="j" w:name="Court" w:isReference="false"/>
  <w:Element w:prefix="j" w:name="CourtOrderSignatureMethodText" w:isReference="false"/>
  <w:Element w:prefix="j" w:name="Judge" w:isReference="false"/>
  <w:Element w:prefix="j" w:name="PersonFBIIdentification" w:isReference="false"/>
  <w:Element w:prefix="j" w:name="PersonIDCategoryCode" w:isReference="false"/>
  <w:Element w:prefix="j" w:name="Subject" w:isReference="false"/>
  <w:Element w:prefix="nc" w:name="Address" w:isReference="false"/>
  <w:Element w:prefix="nc" w:name="Case" w:isReference="false"/>
  <w:Element w:prefix="nc" w:name="DateTime" w:isReference="false"/>
  <w:Element w:prefix="nc" w:name="IdentificationCategoryText" w:isReference="false"/>
  <w:Element w:prefix="nc" w:name="Organization" w:isReference="false"/>
  <w:Element w:prefix="nc" w:name="Person" w:isReference="false"/>
  <w:Element w:prefix="nc" w:name="PersonDigitizedSignatureImage" w:isReference="false"/>
  <w:Element w:prefix="nc" w:name="StructuredAddress" w:isReference="false"/>
  <w:Element w:prefix="scr"
    w:name="ConveyanceIdentificationCategoryCode" w:isReference="false"/>
  <w:Element w:prefix="scr" w:name="PersonIdentification" w:isReference="false"/>
  <w:Type w:prefix="j" w:name="BookingType" w:isRequested="false">
    <w:ElementInType w:prefix="j"
      w:name="BookingAgencyRecordIdentification" w:isReference="false"/>
  </w:Type>
  <w:Type w:prefix="j" w:name="SubjectType" w:isRequested="false">
    <w:ElementInType w:prefix="nc" w:name="RoleOfPerson" w:isReference="true"/>
  </w:Type>
  <w:Type w:prefix="nc" w:name="CaseType" w:isRequested="false">
    <w:ElementInType w:prefix="nc" w:name="CaseTrackingID" w:isReference="false"/>
  </w:Type>
  <w:Type w:prefix="nc" w:name="DocumentType" w:isRequested="false">
    <w:ElementInType w:prefix="nc" w:name="DocumentFiledDate" w:isReference="false"/>
  </w:Type>
  <w:Type w:prefix="nc" w:name="IdentificationType" w:isRequested="false">
    <w:ElementInType w:prefix="nc" w:name="IdentificationCategory" w:isReference="false"/>
    <w:ElementInType w:prefix="nc"
      w:name="IdentificationCategoryDescriptionText" w:isReference="false"/>
    <w:ElementInType w:prefix="nc" w:name="IdentificationEffectiveDate" w:isReference="false"/>
    <w:ElementInType w:prefix="nc" w:name="IdentificationExpirationDate" w:isReference="false"/>
    <w:ElementInType w:prefix="nc" w:name="IdentificationID" w:isReference="false"/>
    <w:ElementInType w:prefix="nc" w:name="IdentificationJurisdiction" w:isReference="false"/>
    <w:ElementInType w:prefix="nc" w:name="IdentificationSourceText" w:isReference="false"/>
    <w:ElementInType w:prefix="nc" w:name="IdentificationStatus" w:isReference="false"/>
  </w:Type>
  <w:Type w:prefix="nc" w:name="OrganizationType" w:isRequested="false">
    <w:ElementInType w:prefix="nc" w:name="OrganizationName" w:isReference="false"/>
  </w:Type>
  <w:Type w:prefix="nc" w:name="PersonType" w:isRequested="false">
    <w:ElementInType w:prefix="nc" w:name="PersonName" w:isReference="false"/>
  </w:Type>
  <w:Type w:prefix="nc" w:name="StructuredAddressType" w:isRequested="false">
    <w:ElementInType w:prefix="nc" w:name="AddressDeliveryPoint" w:isReference="false"/>
    <w:ElementInType w:prefix="nc" w:name="AddressRecipientName" w:isReference="false"/>
    <w:ElementInType w:prefix="nc" w:name="LocationCityName" w:isReference="false"/>
    <w:ElementInType w:prefix="nc" w:name="LocationCountry" w:isReference="false"/>
    <w:ElementInType w:prefix="nc" w:name="LocationCounty" w:isReference="false"/>
    <w:ElementInType w:prefix="nc" w:name="LocationPostalCode" w:isReference="false"/>
    <w:ElementInType w:prefix="nc" w:name="LocationPostalExtensionCode" w:isReference="false"/>
    <w:ElementInType w:prefix="nc" w:name="LocationState" w:isReference="false"/>
  </w:Type>
  <w:Type w:prefix="nc" w:name="TextType" w:isRequested="false">
    <w:AttributeInType w:prefix="nc" w:name="languageCode"/>
    <w:AttributeInType w:prefix="nc" w:name="partialIndicator"/>
    <w:AttributeInType w:prefix="nc" w:name="truncationIndicator"/>
  </w:Type>
</w:WantList>
